word,tf norm value
jogo,0.886266825871
ios,0.553118749201
runner,0.446325480807
skyrise,0.446325480807
brasileiro,0.40647163418
disponível,0.333148076669
michael,0.298142397
nocaute,0.298142397
mma,0.298142397
anderson,0.298142397
clone,0.298142397
silva,0.298142397
android,0.239897595845
chega,0.239897595845
dá,0.222394756011
jogos,0.219970672532
brasileiros,0.219970672532
tempo,0.186500961648
personagem,0.186500961648
cenários,0.186500961648
graça,0.166574038335
poker,0.166574038335
missões,0.166574038335
rpg,0.166574038335
google,0.166574038335
play,0.166574038335
puzzle,0.166574038335
traz,0.166574038335
estúdio,0.166574038335
une,0.166574038335
touch,0.166574038335
ipad,0.166574038335
trailer,0.166574038335
desviar,0.166574038335
runners,0.166574038335
ipod,0.166574038335
nome,0.166574038335
iphone,0.166574038335
itens,0.166574038335
segue,0.166574038335
inglês,0.1490711985
terceira,0.1490711985
belo,0.1490711985
terceiro,0.1490711985
disputa,0.1490711985
continua,0.1490711985
superando,0.1490711985
vitória,0.1490711985
perto,0.1490711985
vence,0.1490711985
melhor,0.1490711985
ufc,0.1490711985
surpreender,0.1490711985
direito,0.1490711985
combate,0.1490711985
chegando,0.1490711985
voltou,0.1490711985
seguida,0.1490711985
confira,0.1490711985
show,0.1490711985
robô,0.146647115021
carioca,0.146647115021
appstore,0.093250480824
inspirado,0.093250480824
app,0.093250480824
coletar,0.093250480824
realiza,0.093250480824
específicas,0.093250480824
sugere,0.093250480824
colorido,0.093250480824
chegou,0.093250480824
corre,0.093250480824
vi,0.093250480824
criatura,0.093250480824
gratuitamente,0.093250480824
precisa,0.093250480824
visual,0.093250480824
mineira,0.093250480824
mineiro,0.093250480824
store,0.093250480824
lançaram,0.093250480824
produtora,0.093250480824
controle,0.093250480824
completar,0.0733235575107
tipos,0.0733235575107
diferença,0.0733235575107
night,0.0733235575107
robozinho,0.0733235575107
melhores,0.0733235575107
análise,0.0733235575107
três,0.0733235575107
fórmula,0.0733235575107
baseados,0.0733235575107
qasir,0.0733235575107
al,0.0733235575107
versão,0.0733235575107
disponibilizado,0.0733235575107
toren,0.0733235575107
independente,0.0733235575107
games,0.0733235575107
anda,0.0733235575107
personalizar,0.0733235575107
indie,0.0733235575107
acesso,0.0733235575107
jogador,0.0733235575107
originalmente,0.0733235575107
usmonetáriointerno,0.0733235575107
novos,0.0733235575107
incluindo,0.0733235575107
acaba,0.0733235575107
jogar,0.0733235575107
in,0.0733235575107
monetáriointerno,0.0733235575107
dungeonland,0.0733235575107
recompensa,0.0733235575107
oniken,0.0733235575107
between,0.0733235575107
wasat,0.0733235575107
caminho,0.0733235575107
lançar,0.0733235575107
dão,0.0733235575107
game,0.0733235575107
global,0.0733235575107
obstáculos,0.0733235575107
jam,0.0733235575107
eficiência,0.0
elogiou,0.0
eis,0.0
eletrônicos,0.0
eficientes,0.0
elogios,0.0
elenco,0.0
embate,0.0
elementos,0.0
embalo,0.0
eletrônico,0.0
elevado,0.0
eficiente,0.0
elogiar,0.0
elogiado,0.0
el,0.0
eliminação,0.0
eliminatórias,0.0
electronic,0.0
eliminar,0.0
eleito,0.0
eliminada,0.0
elimina,0.0
elemento,0.0
útil,0.0
effect,0.0
download,0.0
dupla,0.0
duelo,0.0
dudu,0.0
duas,0.0
dualshock,0.0
ds,0.0
drogba,0.0
driblou,0.0
drible,0.0
dreams,0.0
dream,0.0
dragqueen,0.0
draft,0.0
dourada,0.0
durante,0.0
double,0.0
doses,0.0
dortmund,0.0
dores,0.0
donos,0.0
dono,0.0
domínio,0.0
dominância,0.0
dominou,0.0
dominick,0.0
domingo,0.0
dominar,0.0
dominando,0.0
dura,0.0
duras,0.0
efetiva,0.0
edge,0.0
efeitos,0.0
efeito,0.0
efe,0.0
educação,0.0
eduardo,0.0
edmund,0.0
edições,0.0
edição,0.0
editores,0.0
editora,0.0
editor,0.0
edition,0.0
editais,0.0
edgar,0.0
durava,0.0
econômica,0.0
economia,0.0
ea,0.0
dúvidas,0.0
dúvida,0.0
dólares,0.0
década,0.0
débito,0.0
duvidado,0.0
duty,0.0
durou,0.0
duro,0.0
duração,0.0
embora,0.0
encontrada,0.0
emergente,0.0
equipes,0.0
enxurrada,0.0
ep,0.0
episódio,0.0
equilibrado,0.0
equilíbrio,0.0
equipe,0.0
eric,0.0
emerson,0.0
erik,0.0
errado,0.0
erro,0.0
erros,0.0
errou,0.0
es,0.0
enxergada,0.0
envolvimento,0.0
envolvido,0.0
envolveu,0.0
envolvendo,0.0
envolve,0.0
enviar,0.0
envia,0.0
então,0.0
entusiasta,0.0
entrou,0.0
entrevistas,0.0
entrevista,0.0
entretenimento,0.0
entretanto,0.0
entregou,0.0
entregar,0.0
escala,0.0
escanteio,0.0
escapar,0.0
esforços,0.0
especial,0.0
especiais,0.0
espaços,0.0
espaço,0.0
espanhóis,0.0
espanhola,0.0
espanhol,0.0
espanha,0.0
espalmar,0.0
espalhando,0.0
esp,0.0
eslovênia,0.0
eslováquia,0.0
eshop,0.0
escócia,0.0
escape,0.0
escuta,0.0
escritor,0.0
escrito,0.0
escreveu,0.0
escondido,0.0
esconderam,0.0
esconder,0.0
escolhido,0.0
escolheu,0.0
escolher,0.0
escolha,0.0
escolas,0.0
escola,0.0
esclarecer,0.0
entrará,0.0
entraram,0.0
entrar,0.0
encaixa,0.0
encontrava,0.0
encontraram,0.0
encontrar,0.0
encontram,0.0
domicílio,0.0
encontra,0.0
encheu,0.0
encerrou,0.0
encerrar,0.0
encerrado,0.0
encarar,0.0
encara,0.0
encaixar,0.0
encaixam,0.0
empresas,0.0
encontrou,0.0
empresa,0.0
empregos,0.0
empregados,0.0
empolgação,0.0
empolgado,0.0
empecilho,0.0
empatou,0.0
empates,0.0
empate,0.0
empatar,0.0
empata,0.0
emoções,0.0
emociona,0.0
emissora,0.0
encontro,0.0
energia,0.0
entrando,0.0
enorme,0.0
entram,0.0
entrado,0.0
entrada,0.0
entra,0.0
entidades,0.0
entidade,0.0
entertainment,0.0
entendimento,0.0
entender,0.0
entenda,0.0
entanto,0.0
ensina,0.0
ensaiar,0.0
enquete,0.0
ennis,0.0
enfim,0.0
enix,0.0
engraçado,0.0
english,0.0
engine,0.0
enfrentou,0.0
enfrentarão,0.0
enfrentará,0.0
enfrentaria,0.0
enfrentaram,0.0
enfrentar,0.0
enfrentando,0.0
enfrentam,0.0
enfrentado,0.0
enfrenta,0.0
dominada,0.0
distintas,0.0
dois,0.0
demais,0.0
deixará,0.0
deixe,0.0
deixou,0.0
del,0.0
della,0.0
deluxe,0.0
demanda,0.0
demorar,0.0
demo,0.0
demonight,0.0
demonstra,0.0
demonstrando,0.0
demonstração,0.0
demonstrações,0.0
deixaram,0.0
deixar,0.0
deixando,0.0
deixam,0.0
deixadas,0.0
deixa,0.0
dei,0.0
degola,0.0
definição,0.0
definitiva,0.0
definir,0.0
definido,0.0
definida,0.0
defesas,0.0
defesa,0.0
defensor,0.0
defensivo,0.0
demonstrou,0.0
demorou,0.0
defendida,0.0
descobrir,0.0
desafios,0.0
desarmado,0.0
descansar,0.0
descanso,0.0
descarta,0.0
descobrimos,0.0
descobriu,0.0
dentre,0.0
descrito,0.0
desculpas,0.0
desculpe,0.0
desde,0.0
desejo,0.0
desempenho,0.0
desafio,0.0
desafiar,0.0
desafiante,0.0
derrubado,0.0
derrotou,0.0
derrotas,0.0
derrotar,0.0
derrotado,0.0
derrotada,0.0
derrota,0.0
deram,0.0
der,0.0
depressão,0.0
depoimento,0.0
dependendo,0.0
departamento,0.0
dentro,0.0
defendido,0.0
defendia,0.0
documentário,0.0
dana,0.0
câmera,0.0
cópia,0.0
cópias,0.0
dada,0.0
dado,0.0
dados,0.0
dando,0.0
dash,0.0
daniel,0.0
danilo,0.0
danos,0.0
daqui,0.0
daquilo,0.0
dar,0.0
cá,0.0
custou,0.0
custo,0.0
custará,0.0
custar,0.0
custam,0.0
custa,0.0
curva,0.0
curto,0.0
cursos,0.0
curitiba,0.0
curioso,0.0
curiosamente,0.0
cup,0.0
cumprir,0.0
cultura,0.0
culpado,0.0
dark,0.0
data,0.0
defendeu,0.0
dedicada,0.0
declaração,0.0
declarações,0.0
declarou,0.0
deco,0.0
decretou,0.0
dedada,0.0
dedicação,0.0
datas,0.0
dedo,0.0
dedos,0.0
deep,0.0
defendendo,0.0
defender,0.0
defenderá,0.0
declarar,0.0
declarado,0.0
declara,0.0
decisões,0.0
decisão,0.0
decisivo,0.0
decisiva,0.0
decidiu,0.0
decidir,0.0
decidido,0.0
decepcionou,0.0
debate,0.0
dead,0.0
daí,0.0
davis,0.0
david,0.0
dava,0.0
desenvolvedor,0.0
desenvolvedores,0.0
desenvolvido,0.0
disponibilizada,0.0
discussão,0.0
discussões,0.0
discutida,0.0
discutir,0.0
disney,0.0
disparando,0.0
disponibilizados,0.0
disseram,0.0
disponíveis,0.0
disputada,0.0
disputadas,0.0
disputados,0.0
disputam,0.0
disputar,0.0
discurso,0.0
discriminação,0.0
discreto,0.0
discrepância,0.0
disco,0.0
dirigiu,0.0
dirigida,0.0
dirigentes,0.0
dirigente,0.0
direção,0.0
diretoria,0.0
diretores,0.0
diretor,0.0
direto,0.0
diretamente,0.0
direitos,0.0
direita,0.0
disputou,0.0
distante,0.0
desenvolvidos,0.0
divulgando,0.0
dividir,0.0
divisão,0.0
divulgada,0.0
divulgadas,0.0
divulgado,0.0
divulgados,0.0
divulgar,0.0
distantes,0.0
divulgou,0.0
dizendo,0.0
dizer,0.0
diálogo,0.0
diário,0.0
dobro,0.0
divididos,0.0
dividida,0.0
divertir,0.0
divertidos,0.0
divertido,0.0
divertida,0.0
diversão,0.0
diversos,0.0
diversificada,0.0
diversidade,0.0
diversas,0.0
dita,0.0
distância,0.0
distrital,0.0
distribuídos,0.0
distribuição,0.0
especialistas,0.0
direct,0.0
direcionais,0.0
dinheiro,0.0
desvantagem,0.0
destacou,0.0
destaque,0.0
destaques,0.0
destino,0.0
destruiu,0.0
destruída,0.0
desvia,0.0
dinamismo,0.0
desviou,0.0
detalha,0.0
detalhes,0.0
detentor,0.0
determinado,0.0
determinar,0.0
destacar,0.0
destaca,0.0
despertar,0.0
desperdiçou,0.0
desperdiçar,0.0
desperdiçada,0.0
despedida,0.0
despede,0.0
desmente,0.0
desistiu,0.0
designers,0.0
designer,0.0
design,0.0
desfalques,0.0
desfalque,0.0
desespero,0.0
desenvolvimento,0.0
detido,0.0
deu,0.0
deus,0.0
diferente,0.0
dinamarca,0.0
diminuiu,0.0
diminuir,0.0
digo,0.0
digitalmente,0.0
digital,0.0
digitais,0.0
difícil,0.0
difíceis,0.0
dificultar,0.0
dificuldades,0.0
dificuldade,0.0
diferenças,0.0
diferentes,0.0
diferenciado,0.0
dev,0.0
diego,0.0
dicas,0.0
dias,0.0
diante,0.0
diablo,0.0
dia,0.0
di,0.0
dezenas,0.0
dezembro,0.0
dez,0.0
devido,0.0
device,0.0
devemos,0.0
developers,0.0
especialista,0.0
esquecer,0.0
especialmente,0.0
garoto,0.0
garantida,0.0
garantindo,0.0
garantir,0.0
garantiu,0.0
garcia,0.0
garotas,0.0
garrafa,0.0
gb,0.0
garros,0.0
gastar,0.0
gastou,0.0
gatas,0.0
gatilhos,0.0
gays,0.0
garantia,0.0
garante,0.0
ganhou,0.0
ganhos,0.0
ganhará,0.0
ganharem,0.0
ganhar,0.0
ganhamos,0.0
ganha,0.0
gaming,0.0
gamer,0.0
gameplay,0.0
gamepads,0.0
gamepad,0.0
galos,0.0
galera,0.0
galaxy,0.0
gazeta,0.0
gdansk,0.0
goleada,0.0
girl,0.0
gigantesco,0.0
gil,0.0
ginásio,0.0
giorgio,0.0
giovanni,0.0
giovinco,0.0
globo,0.0
gdc,0.0
glover,0.0
go,0.0
goiás,0.0
goiânia,0.0
gol,0.0
golaço,0.0
gigante,0.0
gibraltar,0.0
geórgia,0.0
gerou,0.0
gerente,0.0
geração,0.0
gerar,0.0
gerando,0.0
geralmente,0.0
geral,0.0
gerador,0.0
gera,0.0
gente,0.0
genialidade,0.0
generation,0.0
gelsenkirchen,0.0
gears,0.0
gaikai,0.0
gabriel,0.0
fúria,0.0
fracas,0.0
fortemente,0.0
fortes,0.0
força,0.0
forçar,0.0
forças,0.0
fox,0.0
fracasso,0.0
fôlego,0.0
francisco,0.0
franck,0.0
franco,0.0
francês,0.0
frank,0.0
frankie,0.0
forte,0.0
fornecer,0.0
formação,0.0
formato,0.0
formas,0.0
formado,0.0
forma,0.0
forbes,0.0
fontes,0.0
fonte,0.0
fonseca,0.0
fone,0.0
fomentar,0.0
folga,0.0
fogo,0.0
foco,0.0
focados,0.0
franquia,0.0
franquias,0.0
frança,0.0
fundamental,0.0
fóruns,0.0
fórum,0.0
física,0.0
fãs,0.0
fã,0.0
fácil,0.0
fábregas,0.0
fábio,0.0
futuro,0.0
futura,0.0
futebol,0.0
funções,0.0
função,0.0
fundo,0.0
fundadores,0.0
frase,0.0
fundadora,0.0
fundador,0.0
funcionários,0.0
funcionar,0.0
funciona,0.0
full,0.0
fugir,0.0
frustração,0.0
frequência,0.0
frequentes,0.0
frente,0.0
free,0.0
fred,0.0
frases,0.0
gold,0.0
goleia,0.0
focada,0.0
hugo,0.0
horas,0.0
horizonte,0.0
horse,0.0
horário,0.0
hotel,0.0
hsbc,0.0
hulse,0.0
ibrahimovic,0.0
humana,0.0
hummels,0.0
hungria,0.0
huntelaar,0.0
ia,0.0
ibai,0.0
hora,0.0
homossexuais,0.0
homofobia,0.0
homens,0.0
homenagem,0.0
homem,0.0
home,0.0
holofotes,0.0
holandês,0.0
holandeses,0.0
holanda,0.0
hoje,0.0
hit,0.0
histórico,0.0
histórica,0.0
histórias,0.0
história,0.0
ibra,0.0
ida,0.0
goleiro,0.0
ilhas,0.0
igualmente,0.0
igualou,0.0
ii,0.0
iii,0.0
iker,0.0
ilegal,0.0
iluminação,0.0
idade,0.0
imagem,0.0
imagina,0.0
imediatamente,0.0
impactantes,0.0
impacto,0.0
impede,0.0
igualdade,0.0
igualar,0.0
igualando,0.0
igual,0.0
iguais,0.0
igor,0.0
igf,0.0
igda,0.0
ienes,0.0
idêntica,0.0
ido,0.0
identificar,0.0
identificado,0.0
identidade,0.0
ideias,0.0
ideia,0.0
ideal,0.0
herói,0.0
herrera,0.0
heroes,0.0
gritando,0.0
grave,0.0
gravidade,0.0
graças,0.0
greenlight,0.0
grená,0.0
greve,0.0
gritar,0.0
heriberto,0.0
grito,0.0
group,0.0
grupo,0.0
grupos,0.0
gráfica,0.0
gráfico,0.0
gratuitos,0.0
gratuito,0.0
gratuita,0.0
grandpas,0.0
grandeza,0.0
grand,0.0
granada,0.0
gramados,0.0
gramado,0.0
governo,0.0
gostou,0.0
gostoso,0.0
gosto,0.0
gosta,0.0
gorogoa,0.0
gols,0.0
golpe,0.0
gráficos,0.0
grátis,0.0
grã,0.0
hardcore,0.0
henrique,0.0
henning,0.0
henderson,0.0
heitor,0.0
hector,0.0
heavy,0.0
heat,0.0
hdmi,0.0
hd,0.0
haviam,0.0
haverá,0.0
haver,0.0
haters,0.0
hashtag,0.0
halo,0.0
grécia,0.0
habitual,0.0
habitantes,0.0
habilidades,0.0
gómez,0.0
gênio,0.0
gêneros,0.0
gênero,0.0
gustavo,0.0
guilherme,0.0
guerreiro,0.0
guerra,0.0
guardiola,0.0
gta,0.0
grêmio,0.0
focado,0.0
flórida,0.0
especificamente,0.0
evolução,0.0
evidências,0.0
evil,0.0
evita,0.0
evitando,0.0
evitar,0.0
evoluindo,0.0
ex,0.0
excessivamente,0.0
exaltar,0.0
exaltou,0.0
exame,0.0
exames,0.0
exatamente,0.0
excelente,0.0
evidência,0.0
everton,0.0
eventualmente,0.0
eventos,0.0
evento,0.0
euros,0.0
européia,0.0
europeus,0.0
europeu,0.0
europeia,0.0
europa,0.0
eurocopa,0.0
euro,0.0
eua,0.0
etc,0.0
etapa,0.0
estúdios,0.0
excepcional,0.0
exceção,0.0
explorar,0.0
experimentais,0.0
existência,0.0
expandir,0.0
expansão,0.0
expectativa,0.0
expectativas,0.0
experiente,0.0
experimentar,0.0
exclusiva,0.0
experiência,0.0
experiências,0.0
explica,0.0
explicado,0.0
explicando,0.0
explicar,0.0
existir,0.0
existentes,0.0
existente,0.0
existem,0.0
existe,0.0
exista,0.0
exibição,0.0
exerceu,0.0
exemplos,0.0
exemplo,0.0
executou,0.0
executivos,0.0
executivo,0.0
exclusivos,0.0
exclusivo,0.0
exclusividade,0.0
exclusivamente,0.0
estônia,0.0
estética,0.0
estágio,0.0
espécie,0.0
esport,0.0
esporte,0.0
esportes,0.0
esportivo,0.0
esports,0.0
esposa,0.0
espírito,0.0
estádios,0.0
esq,0.0
esquece,0.0
cujos,0.0
esquerda,0.0
esquerdo,0.0
estabelecer,0.0
espn,0.0
espetacular,0.0
espero,0.0
esperava,0.0
esperar,0.0
esperança,0.0
esperando,0.0
esperamos,0.0
esperam,0.0
esperado,0.0
espera,0.0
específicos,0.0
específico,0.0
específica,0.0
especulado,0.0
especula,0.0
espectadores,0.0
estabeleceu,0.0
estabelecida,0.0
estabelecidas,0.0
estrangeiros,0.0
estádio,0.0
estupro,0.0
estufou,0.0
estufar,0.0
estudos,0.0
estudo,0.0
estudantes,0.0
estrutura,0.0
estrelas,0.0
estrela,0.0
estreia,0.0
estratégias,0.0
estratégia,0.0
estranho,0.0
estilo,0.0
estabelecido,0.0
estigma,0.0
estatísticas,0.0
estarão,0.0
estará,0.0
estariam,0.0
estaria,0.0
estarem,0.0
estarei,0.0
estar,0.0
estando,0.0
estande,0.0
estados,0.0
estado,0.0
estacionado,0.0
explicou,0.0
explosivo,0.0
flávio,0.0
fico,0.0
ficam,0.0
ficando,0.0
ficar,0.0
ficaram,0.0
ficarão,0.0
ficha,0.0
ficou,0.0
filas,0.0
ficção,0.0
fifa,0.0
fight,0.0
fighter,0.0
figueirense,0.0
figura,0.0
fica,0.0
fez,0.0
fevereiro,0.0
festival,0.0
festejam,0.0
festa,0.0
fervor,0.0
fernando,0.0
fenômeno,0.0
feminist,0.0
feminino,0.0
femininas,0.0
feminina,0.0
femen,0.0
feliz,0.0
felipe,0.0
felicidade,0.0
fila,0.0
filhos,0.0
exposição,0.0
fish,0.0
fique,0.0
fiquei,0.0
fire,0.0
firmar,0.0
firme,0.0
fiscal,0.0
fiz,0.0
filme,0.0
fizemos,0.0
fizeram,0.0
flamengo,0.0
flappy,0.0
flu,0.0
fluminense,0.0
finta,0.0
fingindo,0.0
financiamento,0.0
financeiros,0.0
financeiro,0.0
financeiras,0.0
finalmente,0.0
finalizou,0.0
finalizações,0.0
finalização,0.0
finalizar,0.0
finalistas,0.0
finalista,0.0
final,0.0
finais,0.0
fim,0.0
filmes,0.0
feira,0.0
feio,0.0
fechou,0.0
falha,0.0
fala,0.0
falado,0.0
falando,0.0
falar,0.0
falava,0.0
falei,0.0
falharam,0.0
fechar,0.0
falou,0.0
falta,0.0
faltam,0.0
faltando,0.0
faltou,0.0
familiares,0.0
facilidade,0.0
faciais,0.0
fabuloso,0.0
fabiano,0.0
faber,0.0
exército,0.0
extremamente,0.0
externos,0.0
externo,0.0
exterior,0.0
expulsão,0.0
expulso,0.0
expressões,0.0
expressão,0.0
expressar,0.0
express,0.0
expostos,0.0
familiarizar,0.0
famosa,0.0
famosas,0.0
favela,0.0
fechado,0.0
façanha,0.0
façam,0.0
fazia,0.0
fazemos,0.0
fazem,0.0
faz,0.0
favoritos,0.0
favorito,0.0
favoritismo,0.0
favoritas,0.0
favorita,0.0
favor,0.0
favelas,0.0
faturamento,0.0
famosos,0.0
fatura,0.0
fator,0.0
fato,0.0
fatal,0.0
fases,0.0
fase,0.0
fará,0.0
farmville,0.0
farming,0.0
faria,0.0
fantástico,0.0
fantástica,0.0
fantasma,0.0
família,0.0
culpa,0.0
criador,0.0
cujo,0.0
assustar,0.0
associações,0.0
assume,0.0
assumir,0.0
assumiu,0.0
assunto,0.0
assustam,0.0
assustou,0.0
atendendo,0.0
astro,0.0
at,0.0
atacante,0.0
atacantes,0.0
ataque,0.0
ataques,0.0
associação,0.0
associados,0.0
associadas,0.0
assistência,0.0
assistir,0.0
assistindo,0.0
assistido,0.0
assistentes,0.0
assiste,0.0
assista,0.0
assinou,0.0
assinatura,0.0
assinar,0.0
assinantes,0.0
assina,0.0
assim,0.0
assessoria,0.0
atear,0.0
atendeu,0.0
assegurar,0.0
atrás,0.0
atrair,0.0
atraiu,0.0
atraso,0.0
atração,0.0
atrações,0.0
atropelou,0.0
atua,0.0
atendido,0.0
atuais,0.0
atual,0.0
atualidade,0.0
atualizada,0.0
atualização,0.0
atualizações,0.0
atraentes,0.0
atraem,0.0
atp,0.0
atmosfera,0.0
atlético,0.0
atletas,0.0
atleta,0.0
ativistas,0.0
atividades,0.0
atividade,0.0
atitude,0.0
atingir,0.0
athletic,0.0
ateou,0.0
atenção,0.0
atentos,0.0
atento,0.0
assegurou,0.0
assegura,0.0
atualmente,0.0
argentina,0.0
ar,0.0
araújo,0.0
arbeloa,0.0
arbitragem,0.0
arcade,0.0
arena,0.0
argentino,0.0
armada,0.0
argumento,0.0
argumentos,0.0
argélia,0.0
ariel,0.0
arjen,0.0
arkham,0.0
aquisição,0.0
aqui,0.0
aproximação,0.0
aproximadamente,0.0
aproveitou,0.0
aproveite,0.0
aproveitar,0.0
aproveitando,0.0
aproveitamento,0.0
aproveita,0.0
aprovação,0.0
aprovado,0.0
apresentou,0.0
apresentação,0.0
apresentar,0.0
apresenta,0.0
aprenderam,0.0
arma,0.0
armadas,0.0
aspectos,0.0
artilharia,0.0
arriscou,0.0
arritmia,0.0
arsenal,0.0
art,0.0
arte,0.0
artigo,0.0
artilheiro,0.0
armador,0.0
artilheiros,0.0
artistas,0.0
arts,0.0
ascension,0.0
asiático,0.0
aspecto,0.0
arriscaram,0.0
arredores,0.0
arrecadou,0.0
arrecadação,0.0
arrastou,0.0
arrancou,0.0
arrancada,0.0
arquivos,0.0
arquitetura,0.0
arquirrival,0.0
arquibancadas,0.0
arqueiro,0.0
armênia,0.0
armou,0.0
armazenar,0.0
armazenamento,0.0
armas,0.0
atualizou,0.0
atuam,0.0
cuja,0.0
beira,0.0
battlefield,0.0
bayer,0.0
bayern,0.0
bebia,0.0
bebidas,0.0
behold,0.0
bela,0.0
ben,0.0
belas,0.0
beleza,0.0
belfort,0.0
belga,0.0
belmiro,0.0
belos,0.0
battle,0.0
batman,0.0
bateu,0.0
bateria,0.0
bater,0.0
batendo,0.0
bate,0.0
batalha,0.0
bastos,0.0
bastante,0.0
basta,0.0
basquete,0.0
basicamente,0.0
basic,0.0
baseado,0.0
baseada,0.0
base,0.0
bem,0.0
benefícios,0.0
barça,0.0
blow,0.0
black,0.0
blindside,0.0
blizzard,0.0
blocos,0.0
blog,0.0
bloquear,0.0
blues,0.0
benzema,0.0
boa,0.0
boas,0.0
boca,0.0
boetsch,0.0
bola,0.0
bolas,0.0
bit,0.0
birds,0.0
bird,0.0
binding,0.0
bilhões,0.0
bilhão,0.0
bild,0.0
bilbao,0.0
big,0.0
bielsa,0.0
bid,0.0
bicampeonato,0.0
bi,0.0
bgs,0.0
beyond,0.0
berrando,0.0
bernabéu,0.0
basco,0.0
barão,0.0
atuando,0.0
autógrafo,0.0
ausência,0.0
automaticamente,0.0
automática,0.0
autor,0.0
autora,0.0
autoridade,0.0
auxiliar,0.0
aventura,0.0
avaliação,0.0
avaliou,0.0
avança,0.0
avançaram,0.0
avanços,0.0
avançou,0.0
austrália,0.0
ausente,0.0
aurtenetxe,0.0
aumentou,0.0
aumento,0.0
aumente,0.0
aumentar,0.0
aumentando,0.0
aumenta,0.0
aula,0.0
augusto,0.0
audiência,0.0
audiovisual,0.0
atuou,0.0
atuações,0.0
atuação,0.0
atuar,0.0
avellone,0.0
avisa,0.0
barulho,0.0
banco,0.0
baixo,0.0
baixos,0.0
baker,0.0
balançar,0.0
balançou,0.0
balotelli,0.0
bar,0.0
avião,0.0
barato,0.0
barcelona,0.0
barcos,0.0
barra,0.0
barreira,0.0
barreiras,0.0
baixe,0.0
baixar,0.0
baixados,0.0
baixado,0.0
baixa,0.0
bahia,0.0
bafta,0.0
babes,0.0
ba,0.0
aérea,0.0
ações,0.0
ação,0.0
açucarado,0.0
azzurra,0.0
azul,0.0
azar,0.0
awards,0.0
aprender,0.0
apple,0.0
apostou,0.0
aduge,0.0
adicionar,0.0
admite,0.0
admitiu,0.0
adquiridas,0.0
adquiridos,0.0
adriano,0.0
adventure,0.0
afirma,0.0
adversária,0.0
adversário,0.0
adversários,0.0
advogado,0.0
afastar,0.0
afellay,0.0
adicional,0.0
adicionais,0.0
adiciona,0.0
adianta,0.0
adiado,0.0
adeus,0.0
adequadamente,0.0
adaptar,0.0
adalberto,0.0
acusações,0.0
acusação,0.0
acusando,0.0
acusado,0.0
acusa,0.0
acumulou,0.0
acumula,0.0
acrescentou,0.0
afinal,0.0
afirmar,0.0
acreditava,0.0
ajudando,0.0
aguardado,0.0
agência,0.0
ah,0.0
ajeitou,0.0
ajuda,0.0
ajudam,0.0
ajudar,0.0
afirmaram,0.0
ajudaram,0.0
ajude,0.0
ajudou,0.0
ajudá,0.0
ala,0.0
alan,0.0
aguardadas,0.0
aguarda,0.0
agressão,0.0
agressivo,0.0
agressiva,0.0
agredir,0.0
agradável,0.0
agradar,0.0
agosto,0.0
agir,0.0
agilizar,0.0
agif,0.0
agendado,0.0
afp,0.0
afirmou,0.0
afirmações,0.0
afirmação,0.0
acredito,0.0
acreditar,0.0
apostas,0.0
acabei,0.0
abriram,0.0
abriu,0.0
absurdo,0.0
acabado,0.0
acabar,0.0
acabaram,0.0
acabou,0.0
acessar,0.0
aceita,0.0
aceitou,0.0
aceleram,0.0
acertado,0.0
acertar,0.0
acerto,0.0
abrir,0.0
abrindo,0.0
abril,0.0
abrem,0.0
abre,0.0
abrange,0.0
abragames,0.0
abordando,0.0
aborda,0.0
abertura,0.0
aberto,0.0
abertas,0.0
aberta,0.0
abel,0.0
abalado,0.0
abaixo,0.0
aachen,0.0
acertou,0.0
acesse,0.0
acredita,0.0
acontecer,0.0
acompanhando,0.0
acompanhar,0.0
acompanhe,0.0
acontece,0.0
acontecem,0.0
acontecendo,0.0
aconteceram,0.0
acessíveis,0.0
acontecerá,0.0
aconteceu,0.0
aconteça,0.0
acordo,0.0
acostumado,0.0
acostumados,0.0
acompanhado,0.0
acompanhada,0.0
aclamação,0.0
aclamado,0.0
acirrada,0.0
acionar,0.0
acima,0.0
acigames,0.0
acidente,0.0
achou,0.0
acho,0.0
achei,0.0
achar,0.0
achamos,0.0
acha,0.0
acessórios,0.0
acessível,0.0
alba,0.0
alberto,0.0
albânia,0.0
anotou,0.0
anita,0.0
aniversário,0.0
ano,0.0
anonimato,0.0
anos,0.0
anotar,0.0
antecedência,0.0
antonio,0.0
antecipar,0.0
anterior,0.0
anteriores,0.0
anteriormente,0.0
antiga,0.0
antigo,0.0
animação,0.0
animado,0.0
angeles,0.0
anfitrião,0.0
anelka,0.0
andrés,0.0
andré,0.0
andrade,0.0
ander,0.0
and,0.0
analógicos,0.0
analisa,0.0
anaf,0.0
américa,0.0
ampliar,0.0
amplia,0.0
amplamente,0.0
antigos,0.0
antônio,0.0
alcance,0.0
aplicativos,0.0
aparelho,0.0
aparentemente,0.0
apenas,0.0
apesar,0.0
apito,0.0
aplicativo,0.0
apoiar,0.0
anuais,0.0
apoio,0.0
aponta,0.0
apontada,0.0
apontar,0.0
aposta,0.0
apostadores,0.0
apareceu,0.0
aparecer,0.0
aparecendo,0.0
aparecem,0.0
aparece,0.0
apaixonado,0.0
apagado,0.0
anúncio,0.0
análises,0.0
anunciou,0.0
anunciaram,0.0
anunciar,0.0
anunciados,0.0
anunciado,0.0
anunciada,0.0
anuncia,0.0
anual,0.0
amorebieta,0.0
amora,0.0
amor,0.0
altas,0.0
alimenta,0.0
aliás,0.0
all,0.0
almeida,0.0
alonso,0.0
alta,0.0
alterações,0.0
amistoso,0.0
alternativa,0.0
alternativas,0.0
alto,0.0
altos,0.0
altura,0.0
alunos,0.0
alienígena,0.0
ali,0.0
algo,0.0
alexis,0.0
alexandre,0.0
alex,0.0
alerta,0.0
alemão,0.0
alemães,0.0
alemã,0.0
alemanha,0.0
alegria,0.0
alegou,0.0
aldo,0.0
alcoólicas,0.0
alcançou,0.0
alcançar,0.0
alves,0.0
alvinegra,0.0
alvinegro,0.0
ambiente,0.0
amigos,0.0
amigo,0.0
americanos,0.0
americano,0.0
americanas,0.0
americana,0.0
american,0.0
ameaças,0.0
ameaçar,0.0
ameaçando,0.0
ameaçam,0.0
ameaçados,0.0
ameaçado,0.0
ambos,0.0
ambientação,0.0
alviverde,0.0
ambientado,0.0
ambas,0.0
amazônia,0.0
amarelos,0.0
amarelo,0.0
amaral,0.0
amanhã,0.0
amadurecimento,0.0
amadorismo,0.0
am,0.0
alívio,0.0
além,0.0
alvos,0.0
alvo,0.0
bom,0.0
bomba,0.0
bombardeado,0.0
conexão,0.0
condição,0.0
condições,0.0
conduziu,0.0
conectado,0.0
conectados,0.0
conectividade,0.0
confederação,0.0
confirmada,0.0
confere,0.0
conferência,0.0
conferências,0.0
confiante,0.0
confiantes,0.0
confiança,0.0
condenado,0.0
concorrido,0.0
concorreu,0.0
concorrer,0.0
concorrentes,0.0
concorrente,0.0
conclusão,0.0
concluiu,0.0
concluir,0.0
concentrar,0.0
conceito,0.0
concedeu,0.0
conceder,0.0
comércio,0.0
comuns,0.0
comunidade,0.0
comunicação,0.0
confirma,0.0
confirmados,0.0
comumente,0.0
conquistou,0.0
conquista,0.0
conquistado,0.0
conquistados,0.0
conquistar,0.0
conquistas,0.0
conquiste,0.0
consecutivas,0.0
confirmando,0.0
consecutivo,0.0
consecutivos,0.0
consegue,0.0
conseguem,0.0
consegui,0.0
conseguimos,0.0
conosco,0.0
conjunto,0.0
conheça,0.0
conhecidos,0.0
conhecido,0.0
conhecida,0.0
conheciam,0.0
conhecer,0.0
conhece,0.0
congo,0.0
confusão,0.0
confronto,0.0
confortável,0.0
conforme,0.0
confirmou,0.0
confirmação,0.0
confirmar,0.0
comunicado,0.0
comum,0.0
comandada,0.0
começar,0.0
comercial,0.0
cometer,0.0
cometeu,0.0
começa,0.0
começamos,0.0
começando,0.0
começaram,0.0
companhia,0.0
começo,0.0
começou,0.0
comissão,0.0
comitê,0.0
comoção,0.0
companheiro,0.0
comer,0.0
comentários,0.0
comentário,0.0
comentou,0.0
comente,0.0
comentar,0.0
comemorou,0.0
comemorar,0.0
comemoram,0.0
comemora,0.0
comece,0.0
combinação,0.0
combates,0.0
comandos,0.0
comando,0.0
comandar,0.0
comandante,0.0
companheiros,0.0
companhias,0.0
compõem,0.0
compras,0.0
complica,0.0
complicado,0.0
comportamento,0.0
compra,0.0
comprados,0.0
comprar,0.0
compreende,0.0
company,0.0
compreender,0.0
compreensível,0.0
compromisso,0.0
computadores,0.0
computação,0.0
compõe,0.0
completou,0.0
completos,0.0
completamente,0.0
completa,0.0
compilação,0.0
competições,0.0
competição,0.0
competitivo,0.0
competitivas,0.0
competir,0.0
compatível,0.0
compatíveis,0.0
compatriota,0.0
compartilhar,0.0
compareceu,0.0
comparação,0.0
comparado,0.0
conseguir,0.0
conseguiu,0.0
conselheiro,0.0
cotidiano,0.0
corta,0.0
corte,0.0
costa,0.0
costas,0.0
costuma,0.0
cotação,0.0
coube,0.0
crescimento,0.0
country,0.0
covarde,0.0
coxa,0.0
cr,0.0
craque,0.0
credenciado,0.0
corrêa,0.0
corridas,0.0
corrida,0.0
correu,0.0
correr,0.0
corraini,0.0
corporações,0.0
corpo,0.0
corp,0.0
coritiba,0.0
corintianos,0.0
corintiano,0.0
corintiana,0.0
corinthians,0.0
cores,0.0
coreia,0.0
corações,0.0
crescente,0.0
criadas,0.0
consenso,0.0
cruzeiro,0.0
cristiano,0.0
critica,0.0
croácia,0.0
cruz,0.0
cruzado,0.0
cruzamento,0.0
cruzou,0.0
criado,0.0
crédito,0.0
crítica,0.0
críticas,0.0
cubano,0.0
cufa,0.0
cuida,0.0
crise,0.0
criou,0.0
crie,0.0
criciúma,0.0
criação,0.0
criava,0.0
criativos,0.0
criativo,0.0
criatividade,0.0
criativa,0.0
criar,0.0
crianças,0.0
criança,0.0
criando,0.0
criados,0.0
criadores,0.0
impedindo,0.0
coração,0.0
copia,0.0
copa,0.0
contam,0.0
consumidor,0.0
consumidores,0.0
consumindo,0.0
consumo,0.0
conta,0.0
contado,0.0
contando,0.0
cooperação,0.0
contar,0.0
contará,0.0
contas,0.0
contato,0.0
contatos,0.0
conte,0.0
construir,0.0
constatação,0.0
constantemente,0.0
constante,0.0
consomem,0.0
consolidar,0.0
consoles,0.0
console,0.0
consiga,0.0
considerou,0.0
consideração,0.0
consideravelmente,0.0
considerar,0.0
considerando,0.0
considerado,0.0
considera,0.0
consequentemente,0.0
contendo,0.0
conter,0.0
conteúdo,0.0
controla,0.0
convocados,0.0
conviveram,0.0
convite,0.0
conversas,0.0
conversar,0.0
conversamos,0.0
conversam,0.0
conversado,0.0
conversa,0.0
convenções,0.0
convenhamos,0.0
convencer,0.0
contrário,0.0
controles,0.0
contribuiu,0.0
conteúdos,0.0
contribuir,0.0
contratou,0.0
contrato,0.0
contratação,0.0
contratado,0.0
contrast,0.0
contou,0.0
contornar,0.0
continuou,0.0
continuação,0.0
continuar,0.0
continuam,0.0
continente,0.0
continental,0.0
comandado,0.0
comanda,0.0
bonita,0.0
cansado,0.0
campos,0.0
canadá,0.0
canais,0.0
canal,0.0
canindé,0.0
canos,0.0
cansaço,0.0
captura,0.0
canto,0.0
capa,0.0
capacidade,0.0
capaz,0.0
capcom,0.0
capital,0.0
campo,0.0
campista,0.0
campinas,0.0
campeões,0.0
campeão,0.0
campeã,0.0
campeonatos,0.0
campeonato,0.0
campanha,0.0
camp,0.0
camisas,0.0
camisa,0.0
calma,0.0
call,0.0
calderón,0.0
caixinha,0.0
caixa,0.0
capitão,0.0
capturar,0.0
cair,0.0
casemiro,0.0
cartões,0.0
carvalho,0.0
casa,0.0
casablanca,0.0
casal,0.0
casas,0.0
cases,0.0
capybara,0.0
casillas,0.0
caso,0.0
casos,0.0
cassano,0.0
castigo,0.0
casuais,0.0
cartão,0.0
carta,0.0
carros,0.0
carro,0.0
carreira,0.0
caro,0.0
carlos,0.0
carlinhos,0.0
cariocas,0.0
cargo,0.0
carga,0.0
cardoso,0.0
card,0.0
caras,0.0
características,0.0
cara,0.0
capítulos,0.0
caiu,0.0
caio,0.0
colocá,0.0
brazilian,0.0
branco,0.0
brasil,0.0
brasileira,0.0
brasileiras,0.0
brasileirão,0.0
brasília,0.0
braço,0.0
brigar,0.0
bree,0.0
brenda,0.0
breno,0.0
bretanha,0.0
breve,0.0
brian,0.0
braid,0.0
braga,0.0
boy,0.0
botões,0.0
botão,0.0
botafogo,0.0
boston,0.0
bossa,0.0
boss,0.0
bosque,0.0
borussia,0.0
borges,0.0
borderlands,0.0
booth,0.0
bonucci,0.0
bons,0.0
bonitas,0.0
briga,0.0
brigará,0.0
cai,0.0
cabeçada,0.0
bávaro,0.0
bávaros,0.0
bélgica,0.0
bônus,0.0
cabeceou,0.0
cabeça,0.0
cabeças,0.0
brinca,0.0
cabo,0.0
cachorros,0.0
cadeia,0.0
cadenciar,0.0
caetano,0.0
café,0.0
básicos,0.0
bárbaro,0.0
busquets,0.0
buscar,0.0
buscando,0.0
busca,0.0
bungie,0.0
bugs,0.0
buffon,0.0
bryan,0.0
bruno,0.0
browser,0.0
brother,0.0
bros,0.0
bronca,0.0
broken,0.0
britânica,0.0
catalã,0.0
catalães,0.0
catalão,0.0
claro,0.0
citou,0.0
city,0.0
cityville,0.0
clara,0.0
claramente,0.0
claras,0.0
classes,0.0
cloud,0.0
classificação,0.0
claudio,0.0
cleveland,0.0
cliente,0.0
clima,0.0
clique,0.0
cita,0.0
cinturão,0.0
cinema,0.0
cinco,0.0
cima,0.0
científica,0.0
cientes,0.0
cidade,0.0
ciclo,0.0
chão,0.0
chutou,0.0
chutes,0.0
chute,0.0
chutar,0.0
chutando,0.0
chroma,0.0
chris,0.0
closed,0.0
club,0.0
catarinense,0.0
coletânea,0.0
cole,0.0
colegas,0.0
coletiva,0.0
coletivamente,0.0
coletivas,0.0
coletivo,0.0
coloca,0.0
clube,0.0
colocado,0.0
colocam,0.0
colocando,0.0
colocar,0.0
colocação,0.0
colocou,0.0
colaborou,0.0
cola,0.0
coincidência,0.0
coincidentemente,0.0
coelho,0.0
cobrou,0.0
cobrar,0.0
cobranças,0.0
cobrança,0.0
cobrado,0.0
cobertura,0.0
co,0.0
cnb,0.0
clínica,0.0
clássico,0.0
clássica,0.0
clubes,0.0
chinês,0.0
chinesa,0.0
china,0.0
cerca,0.0
center,0.0
central,0.0
centro,0.0
centroavante,0.0
cenário,0.0
ceo,0.0
certa,0.0
chileno,0.0
certamente,0.0
certas,0.0
certeza,0.0
certo,0.0
certos,0.0
cesar,0.0
centenas,0.0
ceni,0.0
cenas,0.0
cena,0.0
celulares,0.0
celeste,0.0
cbf,0.0
caíram,0.0
caça,0.0
cavaliers,0.0
causou,0.0
causar,0.0
causado,0.0
causa,0.0
categorias,0.0
categoria,0.0
catavento,0.0
cesare,0.0
chael,0.0
chama,0.0
chegada,0.0
chiellini,0.0
chief,0.0
chicão,0.0
chicago,0.0
chelsea,0.0
cheio,0.0
cheia,0.0
chego,0.0
chegará,0.0
chegarem,0.0
chegaram,0.0
chegar,0.0
chegamos,0.0
chegam,0.0
chefão,0.0
chamada,0.0
chefe,0.0
chave,0.0
chato,0.0
chat,0.0
chances,0.0
chance,0.0
champions,0.0
chamou,0.0
chamativas,0.0
chamar,0.0
chamando,0.0
chamam,0.0
chamado,0.0
chamadas,0.0
impedimento,0.0
indicou,0.0
impedir,0.0
sabendo,0.0
rápido,0.0
rússia,0.0
sa,0.0
sabe,0.0
sabem,0.0
sabemos,0.0
saber,0.0
saint,0.0
sabia,0.0
sabiam,0.0
sac,0.0
sagrou,0.0
sai,0.0
saia,0.0
rápida,0.0
ryan,0.0
russo,0.0
rusga,0.0
rumores,0.0
rumor,0.0
ruim,0.0
rubro,0.0
ruas,0.0
rua,0.0
rs,0.0
roupa,0.0
rounds,0.0
round,0.0
roubou,0.0
roubar,0.0
rouba,0.0
saindo,0.0
sair,0.0
rotina,0.0
sc,0.0
satisfeito,0.0
saudável,0.0
saída,0.0
saído,0.0
saíram,0.0
saúde,0.0
scarpelli,0.0
saiu,0.0
scolari,0.0
screenshots,0.0
sd,0.0
second,0.0
sede,0.0
seduzido,0.0
satanás,0.0
sass,0.0
sarro,0.0
sarkeesian,0.0
santos,0.0
santo,0.0
santiago,0.0
santa,0.0
sandro,0.0
san,0.0
sampaio,0.0
salário,0.0
salvos,0.0
salvar,0.0
saldo,0.0
salarial,0.0
sala,0.0
rouanet,0.0
rostos,0.0
impediu,0.0
revolucionar,0.0
revelar,0.0
revelação,0.0
revelou,0.0
reviravolta,0.0
revista,0.0
revolta,0.0
revolution,0.0
ring,0.0
revés,0.0
ribeiro,0.0
ribery,0.0
ribéry,0.0
ricardo,0.0
riccitiello,0.0
revelando,0.0
revelados,0.0
revelado,0.0
revela,0.0
revealed,0.0
reuters,0.0
reunião,0.0
reuniu,0.0
reunir,0.0
reunindo,0.0
returno,0.0
returning,0.0
retrocompatibilidade,0.0
retorno,0.0
retornar,0.0
retirado,0.0
reta,0.0
rigor,0.0
rio,0.0
rosto,0.0
roland,0.0
rodando,0.0
rodar,0.0
rodrigo,0.0
rodrigues,0.0
rogue,0.0
rogério,0.0
rolando,0.0
riot,0.0
roma,0.0
romero,0.0
romênia,0.0
ronaldo,0.0
rooney,0.0
rossi,0.0
rodadas,0.0
rodada,0.0
roda,0.0
rockstar,0.0
rocks,0.0
rocha,0.0
robinho,0.0
robin,0.0
roberto,0.0
robbie,0.0
robben,0.0
rj,0.0
rival,0.0
rivais,0.0
ritmo,0.0
risos,0.0
risco,0.0
segredo,0.0
segredos,0.0
seguem,0.0
simulator,0.0
simples,0.0
simplesmente,0.0
sims,0.0
simulador,0.0
simulando,0.0
simular,0.0
simultaneamente,0.0
sites,0.0
simultâneos,0.0
sinal,0.0
single,0.0
sinto,0.0
sistema,0.0
sistemas,0.0
simon,0.0
similaridades,0.0
similares,0.0
similar,0.0
simcity,0.0
sim,0.0
silêncio,0.0
significativo,0.0
significam,0.0
significado,0.0
significa,0.0
sigla,0.0
sic,0.0
shuhei,0.0
shooter,0.0
shawn,0.0
shabazz,0.0
site,0.0
situada,0.0
seguia,0.0
somando,0.0
soltar,0.0
soltou,0.0
solução,0.0
soluções,0.0
som,0.0
somados,0.0
somente,0.0
situação,0.0
something,0.0
somewhere,0.0
son,0.0
sonha,0.0
sonho,0.0
sonhos,0.0
solicitou,0.0
sofá,0.0
software,0.0
sofrido,0.0
sofrida,0.0
sofreu,0.0
sofrer,0.0
socos,0.0
sociedade,0.0
social,0.0
sociais,0.0
sobrou,0.0
smartphones,0.0
slant,0.0
sky,0.0
six,0.0
situações,0.0
seção,0.0
sexualidade,0.0
sexual,0.0
semana,0.0
sei,0.0
seis,0.0
selecionado,0.0
selecionados,0.0
seleção,0.0
seleções,0.0
semanas,0.0
sexta,0.0
semelhante,0.0
semifinais,0.0
semifinal,0.0
sensacional,0.0
sensação,0.0
sensações,0.0
seguro,0.0
segurar,0.0
segurança,0.0
segurando,0.0
segura,0.0
segundos,0.0
segundo,0.0
segunda,0.0
seguiu,0.0
seguirá,0.0
seguir,0.0
seguintes,0.0
seguinte,0.0
seguindo,0.0
seguidos,0.0
seguido,0.0
seguidas,0.0
senso,0.0
sensor,0.0
sensores,0.0
seriamente,0.0
sexo,0.0
sexismo,0.0
setembro,0.0
sete,0.0
set,0.0
serviços,0.0
serviço,0.0
serviu,0.0
servir,0.0
servindo,0.0
servidores,0.0
servidor,0.0
serve,0.0
serra,0.0
seriado,0.0
sensível,0.0
sergio,0.0
serginho,0.0
serem,0.0
sequência,0.0
sequer,0.0
separam,0.0
separadamente,0.0
sentiu,0.0
sentir,0.0
sentimentos,0.0
sentido,0.0
senti,0.0
sentem,0.0
sente,0.0
resume,0.0
resultados,0.0
resultado,0.0
quatro,0.0
quantidade,0.0
quantidades,0.0
quarta,0.0
quartas,0.0
quarto,0.0
quase,0.0
quebra,0.0
querem,0.0
quebrado,0.0
quebrando,0.0
quebrou,0.0
queda,0.0
queen,0.0
queiram,0.0
qualquer,0.0
qualidades,0.0
qualidade,0.0
quadras,0.0
quadra,0.0
público,0.0
pós,0.0
pênaltis,0.0
pênalti,0.0
péssima,0.0
pés,0.0
pérez,0.0
pássaro,0.0
página,0.0
pvp,0.0
puyol,0.0
puderam,0.0
quer,0.0
queremos,0.0
razões,0.0
rapidamente,0.0
racismo,0.0
rafa,0.0
raider,0.0
raios,0.0
ramos,0.0
ranking,0.0
raro,0.0
querendo,0.0
raros,0.0
raspando,0.0
rasteiro,0.0
raul,0.0
ray,0.0
rayo,0.0
raciocínio,0.0
racing,0.0
quão,0.0
quiser,0.0
quis,0.0
quinto,0.0
quinta,0.0
questões,0.0
questão,0.0
questionou,0.0
questionar,0.0
questionamento,0.0
questionado,0.0
questionada,0.0
quero,0.0
queria,0.0
querer,0.0
pucpr,0.0
publicitário,0.0
publicidade,0.0
projeto,0.0
programador,0.0
programas,0.0
programação,0.0
progresso,0.0
proibiu,0.0
projetar,0.0
projetos,0.0
publicação,0.0
promessa,0.0
promete,0.0
promotoria,0.0
promover,0.0
promovido,0.0
promoção,0.0
programa,0.0
profundidade,0.0
profunda,0.0
profissionalização,0.0
profissional,0.0
profissionais,0.0
professor,0.0
produções,0.0
produção,0.0
produzir,0.0
produzimos,0.0
produzidos,0.0
produzido,0.0
produzida,0.0
produtos,0.0
produtoras,0.0
produto,0.0
pronto,0.0
propagandas,0.0
proporcionar,0.0
proximidade,0.0
publicar,0.0
publicado,0.0
publicada,0.0
psn,0.0
psiquiatra,0.0
ps,0.0
próximos,0.0
próximo,0.0
próximas,0.0
próxima,0.0
prêmios,0.0
prêmio,0.0
pré,0.0
prática,0.0
provável,0.0
proposta,0.0
provocou,0.0
provocações,0.0
provocado,0.0
provavelmente,0.0
provado,0.0
prova,0.0
protestos,0.0
protesto,0.0
proteger,0.0
protagonizaram,0.0
protagonista,0.0
prosseguiu,0.0
prorrogação,0.0
propriedade,0.0
razão,0.0
raúl,0.0
restrições,0.0
rendeu,0.0
remotes,0.0
removido,0.0
renan,0.0
renata,0.0
renda,0.0
render,0.0
rendimento,0.0
reposição,0.0
renovação,0.0
renuncia,0.0
renunciou,0.0
reparar,0.0
repetir,0.0
repetiu,0.0
relevância,0.0
relevante,0.0
relembre,0.0
relações,0.0
relação,0.0
relatos,0.0
relativamente,0.0
relacionamento,0.0
relacionados,0.0
relacionadas,0.0
reino,0.0
rei,0.0
regulamentação,0.0
regulamentar,0.0
regras,0.0
regra,0.0
região,0.0
replicou,0.0
representa,0.0
reais,0.0
responsabilidade,0.0
respeitados,0.0
respeitando,0.0
respeitar,0.0
respeito,0.0
responder,0.0
respondeu,0.0
responsáveis,0.0
representado,0.0
responsável,0.0
resposta,0.0
respostas,0.0
resta,0.0
restante,0.0
resto,0.0
respectivamente,0.0
resolveu,0.0
resolver,0.0
resoluções,0.0
resolução,0.0
resistência,0.0
residencial,0.0
resgate,0.0
reservas,0.0
requer,0.0
república,0.0
repórteres,0.0
representar,0.0
representantes,0.0
representante,0.0
representam,0.0
representados,0.0
registrar,0.0
registrado,0.0
registra,0.0
recebemos,0.0
rebateu,0.0
rebelam,0.0
rebote,0.0
recado,0.0
recarregado,0.0
recebe,0.0
recebendo,0.0
reforça,0.0
receber,0.0
receberá,0.0
recebeu,0.0
recebido,0.0
recebimento,0.0
receita,0.0
rebate,0.0
rebaixar,0.0
rebaixamento,0.0
reação,0.0
reasonwhy,0.0
realmente,0.0
realizou,0.0
realização,0.0
realizar,0.0
realizando,0.0
realizados,0.0
realizado,0.0
realizada,0.0
reality,0.0
realista,0.0
realidade,0.0
real,0.0
receitas,0.0
recente,0.0
recentemente,0.0
recursos,0.0
reflexo,0.0
referência,0.0
refere,0.0
reestruturação,0.0
reencontrará,0.0
redução,0.0
reduzir,0.0
reduzido,0.0
reduzem,0.0
redor,0.0
redes,0.0
rede,0.0
red,0.0
recém,0.0
recurso,0.0
recentes,0.0
recuperou,0.0
recuperação,0.0
recuperar,0.0
recordes,0.0
recorde,0.0
reconhecimento,0.0
reconhecer,0.0
reconhecem,0.0
reconhece,0.0
reclamou,0.0
reclamações,0.0
reclamar,0.0
reclama,0.0
recheado,0.0
sonic,0.0
sonnen,0.0
sonora,0.0
vencedor,0.0
vejo,0.0
velho,0.0
velocidade,0.0
veloso,0.0
veloz,0.0
vem,0.0
vencedores,0.0
vendas,0.0
vencem,0.0
vencendo,0.0
vencer,0.0
vencerá,0.0
venceu,0.0
vencia,0.0
veio,0.0
vazada,0.0
varsóvia,0.0
variedade,0.0
variam,0.0
varejão,0.0
varejo,0.0
vantagens,0.0
vantagem,0.0
vanderlei,0.0
van,0.0
vamos,0.0
valve,0.0
valorizar,0.0
valores,0.0
valor,0.0
vallecano,0.0
venda,0.0
vende,0.0
vilão,0.0
vida,0.0
viagem,0.0
viajou,0.0
vice,0.0
vicente,0.0
vicioso,0.0
victor,0.0
vidas,0.0
vender,0.0
video,0.0
videogame,0.0
videogames,0.0
vigor,0.0
vila,0.0
vilanova,0.0
via,0.0
veículos,0.0
vezes,0.0
veterano,0.0
vestiários,0.0
versões,0.0
vermelho,0.0
verdes,0.0
verde,0.0
verdadeiro,0.0
verdade,0.0
vença,0.0
vendidos,0.0
vendido,0.0
vendidas,0.0
vendida,0.0
vendeu,0.0
valioso,0.0
valer,0.0
valendo,0.0
ultrapassar,0.0
tópicos,0.0
ubisoft,0.0
ucrânia,0.0
ultimate,0.0
ultra,0.0
ultrapassado,0.0
ultrapassou,0.0
valencia,0.0
unidades,0.0
unido,0.0
unidos,0.0
uniformes,0.0
united,0.0
university,0.0
títulos,0.0
título,0.0
tê,0.0
término,0.0
técnicos,0.0
técnico,0.0
técnica,0.0
tão,0.0
tática,0.0
tá,0.0
two,0.0
tv,0.0
turno,0.0
tumor,0.0
trás,0.0
tráfego,0.0
truncada,0.0
universo,0.0
união,0.0
unlimited,0.0
usá,0.0
vale,0.0
valdés,0.0
vaias,0.0
vai,0.0
vagner,0.0
vagas,0.0
vaga,0.0
vacilo,0.0
utilizou,0.0
utilizar,0.0
utilizando,0.0
utilizado,0.0
utilizada,0.0
utiliza,0.0
usuários,0.0
unmechanical,0.0
usuário,0.0
ustream,0.0
usou,0.0
uso,0.0
usava,0.0
usar,0.0
usando,0.0
usados,0.0
usado,0.0
usada,0.0
usa,0.0
us,0.0
urijah,0.0
uplay,0.0
villa,0.0
vilões,0.0
tropes,0.0
york,0.0
xabi,0.0
xavi,0.0
xavier,0.0
xbox,0.0
xfire,0.0
yo,0.0
yoshida,0.0
zidane,0.0
you,0.0
youtube,0.0
zaga,0.0
zagueiro,0.0
zagueiros,0.0
zelda,0.0
world,0.0
workshops,0.0
wonderputt,0.0
women,0.0
woman,0.0
windows,0.0
wind,0.0
willian,0.0
will,0.0
wii,0.0
wigan,0.0
white,0.0
whisky,0.0
wesley,0.0
wembley,0.0
washington,0.0
wars,0.0
zero,0.0
zombie,0.0
vinda,0.0
ótima,0.0
ângulo,0.0
época,0.0
ídolo,0.0
ímpeto,0.0
íntegra,0.0
ódio,0.0
ótimas,0.0
zombies,0.0
ótimo,0.0
ônibus,0.0
özil,0.0
única,0.0
único,0.0
únicos,0.0
áudio,0.0
ásia,0.0
áreas,0.0
área,0.0
árdua,0.0
árbitros,0.0
árbitro,0.0
ápice,0.0
álvaro,0.0
álcool,0.0
água,0.0
áfrica,0.0
zé,0.0
zynga,0.0
zumbis,0.0
zona,0.0
zombiu,0.0
warfare,0.0
war,0.0
walking,0.0
visível,0.0
visitar,0.0
vista,0.0
visto,0.0
vistos,0.0
visuais,0.0
visão,0.0
vita,0.0
waker,0.0
vitor,0.0
vitórias,0.0
viu,0.0
vive,0.0
vivem,0.0
viver,0.0
visitantes,0.0
visitante,0.0
visitam,0.0
visita,0.0
visibilidade,0.0
visando,0.0
visam,0.0
virá,0.0
virtual,0.0
virou,0.0
virar,0.0
virando,0.0
viram,0.0
virada,0.0
vira,0.0
violência,0.0
vinha,0.0
vivida,0.0
vivo,0.0
vizinhança,0.0
vozes,0.0
wade,0.0
vítima,0.0
vírus,0.0
vínculo,0.0
vídeos,0.0
vídeo,0.0
vêm,0.0
vê,0.0
vão,0.0
vários,0.0
várias,0.0
válido,0.0
válida,0.0
vs,0.0
voz,0.0
vizinhos,0.0
vou,0.0
vote,0.0
votado,0.0
vontade,0.0
volume,0.0
voltará,0.0
voltaram,0.0
voltar,0.0
voltando,0.0
voltam,0.0
voltados,0.0
volta,0.0
voleio,0.0
volante,0.0
tropeços,0.0
troféu,0.0
sony,0.0
tawstudio,0.0
tanta,0.0
tantas,0.0
tanto,0.0
tantos,0.0
tarde,0.0
tardou,0.0
taxa,0.0
telefone,0.0
taça,0.0
tcheca,0.0
team,0.0
tecnicamente,0.0
tecnologia,0.0
teixeira,0.0
tanks,0.0
tamanho,0.0
talentos,0.0
talento,0.0
tale,0.0
tal,0.0
tais,0.0
tabu,0.0
tablets,0.0
tablet,0.0
tabelou,0.0
tabela,0.0
sérvia,0.0
sério,0.0
séries,0.0
série,0.0
séria,0.0
tela,0.0
telefônica,0.0
testemunhou,0.0
terminando,0.0
tentos,0.0
tentou,0.0
teoria,0.0
terceirizadas,0.0
terem,0.0
termina,0.0
terminar,0.0
televisão,0.0
terminou,0.0
termos,0.0
território,0.0
terror,0.0
terry,0.0
terrível,0.0
tentava,0.0
tentativas,0.0
tentativa,0.0
tentaram,0.0
tentar,0.0
tentando,0.0
tentam,0.0
tenta,0.0
tenistas,0.0
tenista,0.0
tendência,0.0
tempos,0.0
temporadas,0.0
temporada,0.0
template,0.0
tema,0.0
telltale,0.0
sérgio,0.0
sánchez,0.0
sábado,0.0
subir,0.0
steven,0.0
story,0.0
streaming,0.0
street,0.0
studio,0.0
studios,0.0
subiu,0.0
sword,0.0
substituir,0.0
substituiu,0.0
substituição,0.0
substituído,0.0
sucesso,0.0
sucessor,0.0
steam,0.0
star,0.0
stanley,0.0
square,0.0
sports,0.0
sport,0.0
spike,0.0
space,0.0
sp,0.0
sozinho,0.0
souza,0.0
souls,0.0
soul,0.0
soube,0.0
sorteio,0.0
sorte,0.0
sorriso,0.0
sucessos,0.0
sueca,0.0
sueco,0.0
suporta,0.0
sworcery,0.0
suíça,0.0
suécia,0.0
susto,0.0
suspensão,0.0
susaeta,0.0
surpresas,0.0
surpresa,0.0
surpreendeu,0.0
surpreende,0.0
surgiu,0.0
suposto,0.0
supostamente,0.0
suporte,0.0
superstars,0.0
suficiente,0.0
superou,0.0
superluta,0.0
superior,0.0
supercopas,0.0
supercopa,0.0
superclássico,0.0
superação,0.0
superar,0.0
superada,0.0
supera,0.0
super,0.0
sul,0.0
sugerido,0.0
sugerida,0.0
terça,0.0
testes,0.0
trocou,0.0
transformar,0.0
tranquilo,0.0
transferidos,0.0
transferindo,0.0
transferir,0.0
transferência,0.0
transformando,0.0
transmissão,0.0
tratamento,0.0
transmitida,0.0
transmitidas,0.0
transmitido,0.0
transportar,0.0
trará,0.0
trata,0.0
tranquilidade,0.0
tranquila,0.0
trama,0.0
trajetória,0.0
trajes,0.0
trailers,0.0
tradução,0.0
tradição,0.0
tradicional,0.0
tradicionais,0.0
trabalhou,0.0
trabalhos,0.0
trabalho,0.0
trabalhavam,0.0
trabalhar,0.0
trabalhando,0.0
trabalham,0.0
tratado,0.0
tratando,0.0
teto,0.0
trimestre,0.0
tremer,0.0
tribunal,0.0
tributação,0.0
tributária,0.0
tricolor,0.0
trilha,0.0
triple,0.0
tratar,0.0
triunfo,0.0
triunfos,0.0
troca,0.0
trocar,0.0
trocas,0.0
troco,0.0
tremendo,0.0
treinos,0.0
treino,0.0
treinar,0.0
treinadores,0.0
treinador,0.0
treinado,0.0
trechos,0.0
trecho,0.0
trazia,0.0
trazer,0.0
trazendo,0.0
travessão,0.0
trave,0.0
travado,0.0
traumas,0.0
trauma,0.0
trabalhado,0.0
trabalha,0.0
towerfall,0.0
tiro,0.0
tiny,0.0
tipo,0.0
tira,0.0
tirada,0.0
tirar,0.0
tire,0.0
tirou,0.0
totalmente,0.0
tito,0.0
titular,0.0
titulares,0.0
to,0.0
toa,0.0
toalha,0.0
timidez,0.0
times,0.0
time,0.0
tim,0.0
tida,0.0
tiago,0.0
thrones,0.0
thq,0.0
thorson,0.0
thomas,0.0
thiago,0.0
there,0.0
the,0.0
than,0.0
texto,0.0
tevez,0.0
tetracampeã,0.0
toca,0.0
tocando,0.0
tocar,0.0
torcedores,0.0
total,0.0
torto,0.0
torres,0.0
toronto,0.0
tornou,0.0
torno,0.0
torneios,0.0
torneio,0.0
torne,0.0
tornar,0.0
tornando,0.0
torna,0.0
torcida,0.0
torcer,0.0
torcedoras,0.0
tocou,0.0
torcedor,0.0
toquero,0.0
toque,0.0
topo,0.0
top,0.0
tomou,0.0
tomb,0.0
tomava,0.0
tomara,0.0
tomar,0.0
tomando,0.0
tomado,0.0
tomada,0.0
tom,0.0
productions,0.0
procurou,0.0
procuro,0.0
lutadores,0.0
luis,0.0
luiz,0.0
lula,0.0
luta,0.0
lutador,0.0
lutadora,0.0
lutam,0.0
lyoto,0.0
lutando,0.0
lutar,0.0
lutas,0.0
luxemburgo,0.0
luxo,0.0
luís,0.0
luigi,0.0
lugares,0.0
lugar,0.0
lucro,0.0
luccas,0.0
lucca,0.0
lucasarts,0.0
lucas,0.0
lua,0.0
love,0.0
loureiro,0.0
loucura,0.0
loucos,0.0
louco,0.0
lost,0.0
los,0.0
lopes,0.0
lyon,0.0
léo,0.0
mantido,0.0
manifestantes,0.0
manchester,0.0
mancini,0.0
mandou,0.0
maneira,0.0
maneiras,0.0
manhã,0.0
manifestar,0.0
líder,0.0
manipulação,0.0
mano,0.0
manoel,0.0
mantendo,0.0
mantenha,0.0
manter,0.0
males,0.0
malandragem,0.0
mal,0.0
maioria,0.0
maiores,0.0
maior,0.0
maio,0.0
magrão,0.0
magic,0.0
madrugada,0.0
madrid,0.0
madri,0.0
machida,0.0
macedo,0.0
mac,0.0
lúcio,0.0
lógica,0.0
longo,0.0
longe,0.0
longas,0.0
liderada,0.0
leão,0.0
liberando,0.0
liberdade,0.0
libertadores,0.0
lidar,0.0
lidera,0.0
lideram,0.0
longa,0.0
liderança,0.0
liderar,0.0
liga,0.0
ligados,0.0
ligamento,0.0
ligar,0.0
levou,0.0
leves,0.0
leverkusen,0.0
leve,0.0
levaram,0.0
levar,0.0
levantou,0.0
levantar,0.0
levanta,0.0
levando,0.0
levamos,0.0
levam,0.0
levado,0.0
leva,0.0
lesões,0.0
lesão,0.0
lesionado,0.0
ligas,0.0
ligou,0.0
like,0.0
livro,0.0
londres,0.0
lombard,0.0
lojistas,0.0
lojas,0.0
loja,0.0
logo,0.0
logar,0.0
localizados,0.0
localizado,0.0
local,0.0
locais,0.0
llorente,0.0
livrou,0.0
livros,0.0
livres,0.0
limbo,0.0
livremente,0.0
livre,0.0
livrar,0.0
liverpool,0.0
live,0.0
lituânia,0.0
listas,0.0
lista,0.0
lionel,0.0
link,0.0
linha,0.0
linguagem,0.0
limpa,0.0
limitava,0.0
manteve,0.0
mantém,0.0
lembre,0.0
microsoft,0.0
metros,0.0
mexer,0.0
mexicano,0.0
mg,0.0
miami,0.0
microfone,0.0
might,0.0
milhão,0.0
miguel,0.0
miis,0.0
mike,0.0
mil,0.0
milagre,0.0
milan,0.0
metal,0.0
metade,0.0
meta,0.0
messi,0.0
meses,0.0
merlin,0.0
merengue,0.0
mercados,0.0
mercado,0.0
menu,0.0
mentores,0.0
mente,0.0
mensagens,0.0
mensagem,0.0
menos,0.0
menores,0.0
menor,0.0
milhares,0.0
milhões,0.0
mantê,0.0
modesto,0.0
mmo,0.0
moacyr,0.0
mobile,0.0
modalidade,0.0
modelo,0.0
modelos,0.0
modo,0.0
milão,0.0
modos,0.0
moedas,0.0
moldes,0.0
mole,0.0
momento,0.0
momentos,0.0
mit,0.0
mistério,0.0
missão,0.0
mis,0.0
mirrors,0.0
mirror,0.0
miroslav,0.0
miranda,0.0
minutos,0.0
minuto,0.0
minority,0.0
ministério,0.0
minimiza,0.0
minigames,0.0
miniboss,0.0
mineiros,0.0
mim,0.0
menino,0.0
menezes,0.0
mencionar,0.0
marketing,0.0
marcou,0.0
margem,0.0
marido,0.0
marino,0.0
mario,0.0
mark,0.0
marquinhos,0.0
mencionados,0.0
marrocos,0.0
marroquino,0.0
marselha,0.0
martinez,0.0
martins,0.0
martinuccio,0.0
marcos,0.0
marco,0.0
marchisio,0.0
marcelo,0.0
marcação,0.0
marcas,0.0
marcaram,0.0
marcar,0.0
marcados,0.0
marcadores,0.0
marcador,0.0
marcado,0.0
marca,0.0
maratona,0.0
maracanã,0.0
mapa,0.0
manutenção,0.0
martínez,0.0
março,0.0
masculina,0.0
mecânica,0.0
mencionado,0.0
memória,0.0
membros,0.0
membro,0.0
melhorar,0.0
meio,0.0
meia,0.0
mega,0.0
meeting,0.0
medo,0.0
medidas,0.0
medida,0.0
media,0.0
mecânicas,0.0
meat,0.0
masculino,0.0
meados,0.0
mcmillen,0.0
mcgonigal,0.0
mau,0.0
matéria,0.0
matteo,0.0
matt,0.0
matou,0.0
material,0.0
matemática,0.0
matchmaking,0.0
matar,0.0
mata,0.0
mass,0.0
leonardo,0.0
lembrar,0.0
monstermind,0.0
interessada,0.0
intenso,0.0
intenção,0.0
inter,0.0
interagir,0.0
interatividade,0.0
interação,0.0
interessado,0.0
intermináveis,0.0
interessante,0.0
interessantes,0.0
interesse,0.0
interesses,0.0
interface,0.0
interino,0.0
intensidade,0.0
intencionalmente,0.0
inteligência,0.0
inteligente,0.0
inteiro,0.0
integrar,0.0
integrantes,0.0
integrante,0.0
integra,0.0
instantânea,0.0
instantes,0.0
instalada,0.0
inspiração,0.0
insistiu,0.0
insiste,0.0
inseridos,0.0
inovar,0.0
intermediária,0.0
internacionais,0.0
isaac,0.0
iof,0.0
inédita,0.0
inédito,0.0
inéditos,0.0
início,0.0
inúmeras,0.0
inúmeros,0.0
ir,0.0
internacional,0.0
iraizoz,0.0
iraola,0.0
iria,0.0
irlanda,0.0
ironicamente,0.0
irá,0.0
investir,0.0
investindo,0.0
investimento,0.0
investidores,0.0
investidas,0.0
inverno,0.0
invadiu,0.0
intuito,0.0
intitulada,0.0
intervenção,0.0
intervalo,0.0
interpretado,0.0
interno,0.0
internet,0.0
internautas,0.0
international,0.0
internamente,0.0
inovafoto,0.0
inocência,0.0
injusto,0.0
incêndio,0.0
incentivo,0.0
incidente,0.0
incluir,0.0
inclusive,0.0
inclusão,0.0
incrível,0.0
indefinido,0.0
inimigos,0.0
independent,0.0
independentes,0.0
independência,0.0
indica,0.0
indicado,0.0
indicados,0.0
incentiva,0.0
incendiar,0.0
impulsionar,0.0
impressões,0.0
impressionantes,0.0
impressionante,0.0
imprensa,0.0
impostos,0.0
imposto,0.0
impossível,0.0
importância,0.0
importar,0.0
importantes,0.0
importante,0.0
importa,0.0
impor,0.0
implementada,0.0
indicativa,0.0
indicação,0.0
úteis,0.0
informou,0.0
inimigo,0.0
iniesta,0.0
iniciar,0.0
inicialmente,0.0
inicial,0.0
iniciais,0.0
iniciada,0.0
inicia,0.0
ingressos,0.0
ingleses,0.0
inglesa,0.0
inglaterra,0.0
ingerida,0.0
infância,0.0
informação,0.0
indiecade,0.0
influentes,0.0
inferno,0.0
infelizmente,0.0
infelicidade,0.0
infantil,0.0
infamous,0.0
inevitavelmente,0.0
inesquecível,0.0
inesperado,0.0
ineficiente,0.0
indústria,0.0
indo,0.0
individual,0.0
indies,0.0
is,0.0
island,0.0
lembrando,0.0
knights,0.0
kids,0.0
kiev,0.0
kill,0.0
kinect,0.0
kit,0.0
klei,0.0
koch,0.0
land,0.0
kotaku,0.0
lado,0.0
lados,0.0
lahm,0.0
lampard,0.0
lance,0.0
kickstarter,0.0
khedira,0.0
kevin,0.0
karen,0.0
kaká,0.0
júnior,0.0
juízes,0.0
juventus,0.0
juvenis,0.0
justo,0.0
justiça,0.0
justamente,0.0
justa,0.0
just,0.0
jurados,0.0
juntos,0.0
junto,0.0
lances,0.0
lanterna,0.0
isométrico,0.0
legendas,0.0
leftovers,0.0
legacy,0.0
legais,0.0
legal,0.0
legalidade,0.0
legend,0.0
legends,0.0
lanzetta,0.0
legítimo,0.0
lei,0.0
leis,0.0
leitura,0.0
lektronik,0.0
lembra,0.0
lebron,0.0
leandro,0.0
league,0.0
lazio,0.0
lavar,0.0
latina,0.0
lateral,0.0
las,0.0
largada,0.0
lançou,0.0
lançamos,0.0
lançamentos,0.0
lançamento,0.0
lançados,0.0
lançado,0.0
lançada,0.0
lança,0.0
juntar,0.0
juntamente,0.0
junkie,0.0
jesús,0.0
japão,0.0
jason,0.0
javi,0.0
jeito,0.0
jejum,0.0
jelly,0.0
jetpack,0.0
juniors,0.0
jiu,0.0
joel,0.0
joelho,0.0
joga,0.0
jogabilidade,0.0
jogada,0.0
japonês,0.0
janela,0.0
janeiro,0.0
jane,0.0
jan,0.0
james,0.0
jamais,0.0
jackson,0.0
iñigo,0.0
iv,0.0
itália,0.0
its,0.0
item,0.0
italianos,0.0
italiano,0.0
israel,0.0
isqueiro,0.0
jogadas,0.0
jogado,0.0
jogadores,0.0
jornalistas,0.0
junior,0.0
juninho,0.0
junho,0.0
julho,0.0
julgamento,0.0
julgado,0.0
judicial,0.0
juan,0.0
joão,0.0
joymasher,0.0
jovens,0.0
jovem,0.0
josé,0.0
josep,0.0
jornalista,0.0
jogados,0.0
jornal,0.0
jordi,0.0
jordan,0.0
jones,0.0
jonathan,0.0
jon,0.0
john,0.0
jogue,0.0
jogou,0.0
jogatina,0.0
jogará,0.0
jogando,0.0
jogamos,0.0
jogam,0.0
monster,0.0
montagem,0.0
procurar,0.0
perigo,0.0
performance,0.0
performistas,0.0
pergunta,0.0
perguntado,0.0
perguntas,0.0
perguntou,0.0
perigoso,0.0
permitir,0.0
perigosos,0.0
permanece,0.0
permanência,0.0
permite,0.0
permitem,0.0
permitia,0.0
perfil,0.0
perfeição,0.0
perfeito,0.0
pereira,0.0
perdoou,0.0
perdido,0.0
perdeu,0.0
perderam,0.0
perder,0.0
perdendo,0.0
perde,0.0
perda,0.0
percorrer,0.0
perceber,0.0
pepe,0.0
pep,0.0
penúltimo,0.0
permitindo,0.0
permitiu,0.0
plano,0.0
photo,0.0
pessoal,0.0
pessoas,0.0
peter,0.0
peças,0.0
peço,0.0
phil,0.0
pikmin,0.0
perna,0.0
pior,0.0
piqué,0.0
pirataria,0.0
piratas,0.0
pirlo,0.0
pivô,0.0
pessoais,0.0
pessoa,0.0
pesquisas,0.0
pesquisadora,0.0
pesquisador,0.0
pesquisa,0.0
pesou,0.0
pesos,0.0
peso,0.0
pesados,0.0
período,0.0
perspectivas,0.0
perspectiva,0.0
personalidades,0.0
personalidade,0.0
personagens,0.0
persie,0.0
penúltima,0.0
pensou,0.0
pensei,0.0
passar,0.0
passadas,0.0
passado,0.0
passagem,0.0
passagens,0.0
passam,0.0
passando,0.0
passaram,0.0
pensar,0.0
passará,0.0
passava,0.0
passe,0.0
passeio,0.0
passes,0.0
passo,0.0
passada,0.0
passa,0.0
parágrafo,0.0
party,0.0
partiu,0.0
partiram,0.0
partir,0.0
partidas,0.0
partida,0.0
particular,0.0
participou,0.0
participação,0.0
participaram,0.0
participar,0.0
participantes,0.0
participa,0.0
partes,0.0
passos,0.0
passou,0.0
patrício,0.0
pediu,0.0
pensando,0.0
pensamento,0.0
pensado,0.0
pensa,0.0
penas,0.0
penalidades,0.0
pena,0.0
pen,0.0
pelé,0.0
pegou,0.0
pego,0.0
pegar,0.0
pega,0.0
pedro,0.0
pedir,0.0
pau,0.0
pedindo,0.0
pedidos,0.0
pedido,0.0
pede,0.0
pc,0.0
países,0.0
país,0.0
pay,0.0
paulo,0.0
paulistas,0.0
paulistana,0.0
paulista,0.0
paulinos,0.0
paulino,0.0
placar,0.0
planos,0.0
parou,0.0
preparam,0.0
premier,0.0
preocupado,0.0
preocupante,0.0
preocupação,0.0
prepara,0.0
preparado,0.0
preparando,0.0
press,0.0
preparação,0.0
presente,0.0
presentes,0.0
presença,0.0
presidente,0.0
presidência,0.0
premiação,0.0
premiado,0.0
prejuízo,0.0
prejudicial,0.0
preferiu,0.0
prefere,0.0
preconceito,0.0
preciso,0.0
precise,0.0
precisava,0.0
precisará,0.0
precisar,0.0
precisamos,0.0
precisam,0.0
prazo,0.0
prazer,0.0
praticamente,0.0
preso,0.0
pressionando,0.0
plants,0.0
processa,0.0
princípio,0.0
princípios,0.0
prisão,0.0
pro,0.0
problema,0.0
problemas,0.0
processar,0.0
pressionar,0.0
processo,0.0
processos,0.0
procura,0.0
procurado,0.0
procuram,0.0
procurando,0.0
principalmente,0.0
principal,0.0
principais,0.0
primeiras,0.0
primeira,0.0
price,0.0
preços,0.0
preço,0.0
previsão,0.0
previsto,0.0
prevista,0.0
previamente,0.0
prever,0.0
pretendemos,0.0
pretende,0.0
preta,0.0
pressão,0.0
prandelli,0.0
praia,0.0
pra,0.0
ponta,0.0
polêmicas,0.0
polêmico,0.0
polícia,0.0
política,0.0
políticas,0.0
polônia,0.0
ponte,0.0
pr,0.0
ponto,0.0
pontos,0.0
pontuando,0.0
pontuação,0.0
pop,0.0
popular,0.0
polêmica,0.0
polygon,0.0
poloneses,0.0
points,0.0
podolski,0.0
poderão,0.0
poderá,0.0
poderes,0.0
podemos,0.0
podem,0.0
plágio,0.0
plus,0.0
pleno,0.0
playstation,0.0
player,0.0
plataformas,0.0
plataforma,0.0
populares,0.0
popularidade,0.0
porta,0.0
possibilidades,0.0
poço,0.0
power,0.0
potiguar,0.0
potencial,0.0
postura,0.0
posto,0.0
posteriormente,0.0
possível,0.0
possíveis,0.0
possuído,0.0
possuir,0.0
possui,0.0
possuem,0.0
possivelmente,0.0
possibilidade,0.0
portal,0.0
posse,0.0
possam,0.0
possa,0.0
posição,0.0
positivos,0.0
positivo,0.0
portátil,0.0
português,0.0
portugueses,0.0
portuguesa,0.0
portugal,0.0
porto,0.0
portas,0.0
portanto,0.0
parte,0.0
parecido,0.0
montar,0.0
negativos,0.0
necessário,0.0
necessários,0.0
nega,0.0
negar,0.0
negativas,0.0
negativo,0.0
negociação,0.0
nesse,0.0
negredo,0.0
negro,0.0
negros,0.0
negócio,0.0
negócios,0.0
nela,0.0
necessária,0.0
necessidade,0.0
nba,0.0
navegação,0.0
navegar,0.0
navegador,0.0
navas,0.0
natureza,0.0
nasceu,0.0
narrativa,0.0
naquele,0.0
naquela,0.0
napier,0.0
namorado,0.0
namorada,0.0
nada,0.0
nacional,0.0
nenhuma,0.0
neste,0.0
novo,0.0
nova,0.0
normalmente,0.0
norte,0.0
nota,0.0
notícia,0.0
notícias,0.0
nou,0.0
novamente,0.0
netflix,0.0
novas,0.0
novato,0.0
novatos,0.0
nove,0.0
novembro,0.0
novidade,0.0
normal,0.0
normais,0.0
norberto,0.0
nona,0.0
nomes,0.0
noite,0.0
nobre,0.0
nisso,0.0
nintendo,0.0
ninja,0.0
nike,0.0
nick,0.0
nguyen,0.0
neymar,0.0
new,0.0
neuer,0.0
network,0.0
nacionais,0.0
müller,0.0
músicas,0.0
movie,0.0
motivou,0.0
mourinho,0.0
mouse,0.0
moutinho,0.0
move,0.0
mover,0.0
movimentação,0.0
música,0.0
movimento,0.0
movimentos,0.0
mr,0.0
much,0.0
muda,0.0
mudança,0.0
motivos,0.0
motivo,0.0
mostrou,0.0
mostrava,0.0
mostraram,0.0
mostrar,0.0
mostrando,0.0
mostram,0.0
mostrado,0.0
mostrada,0.0
mostra,0.0
moscas,0.0
morumbi,0.0
morte,0.0
morno,0.0
morgan,0.0
monte,0.0
mudanças,0.0
mudar,0.0
mudou,0.0
máximo,0.0
múltiplas,0.0
mínimo,0.0
mínima,0.0
mídias,0.0
mídia,0.0
mês,0.0
mérito,0.0
médios,0.0
médio,0.0
médicos,0.0
médico,0.0
média,0.0
mãos,0.0
mão,0.0
máximas,0.0
mulher,0.0
máxima,0.0
máquina,0.0
musical,0.0
museu,0.0
musculares,0.0
muscular,0.0
munique,0.0
muniain,0.0
mundo,0.0
mundial,0.0
mundiais,0.0
multiplayer,0.0
muller,0.0
mulheres,0.0
novidades,0.0
noção,0.0
parecida,0.0
owen,0.0
outubro,0.0
ouvida,0.0
ouvido,0.0
ouvir,0.0
ouviu,0.0
over,0.0
ozil,0.0
pagamento,0.0
pablo,0.0
pacaembu,0.0
pacote,0.0
pacotes,0.0
padrão,0.0
padrões,0.0
out,0.0
ouro,0.0
ouriço,0.0
orçamento,0.0
orlando,0.0
original,0.0
origin,0.0
origem,0.0
orgulhoso,0.0
organização,0.0
organizar,0.0
organizadores,0.0
organizador,0.0
organizado,0.0
organizada,0.0
opções,0.0
opção,0.0
paga,0.0
pagantes,0.0
null,0.0
paranaense,0.0
parabeniza,0.0
parable,0.0
parada,0.0
parado,0.0
paralisar,0.0
paralisação,0.0
parar,0.0
pagar,0.0
parceiros,0.0
parceria,0.0
parcial,0.0
parece,0.0
parecem,0.0
parecia,0.0
par,0.0
papo,0.0
paper,0.0
papel,0.0
paola,0.0
palmeiras,0.0
palestras,0.0
palestra,0.0
palermo,0.0
palco,0.0
palavras,0.0
paixão,0.0
painel,0.0
pai,0.0
pagou,0.0
pagos,0.0
pago,0.0
optar,0.0
ops,0.0
oposto,0.0
ocasiões,0.0
obsessão,0.0
obter,0.0
obteve,0.0
obtido,0.0
obviamente,0.0
ocasião,0.0
ocorre,0.0
oportunidades,0.0
ocorreu,0.0
ocorrido,0.0
octodad,0.0
octógono,0.0
ocupa,0.0
of,0.0
observou,0.0
obrigou,0.0
obrigação,0.0
obrigando,0.0
obriga,0.0
obras,0.0
obra,0.0
objetivos,0.0
objetivo,0.0
objetividade,0.0
objetificação,0.0
números,0.0
número,0.0
nível,0.0
níveis,0.0
níquel,0.0
nuvem,0.0
ofensiva,0.0
ofensivas,0.0
ofensivo,0.0
olímpico,0.0
oportunidade,0.0
oponentes,0.0
oponente,0.0
opiniões,0.0
opinião,0.0
opine,0.0
operações,0.0
operado,0.0
ontem,0.0
online,0.0
one,0.0
onde,0.0
once,0.0
on,0.0
olympique,0.0
oferece,0.0
oliveira,0.0
olimpíadas,0.0
olifiers,0.0
olho,0.0
olhar,0.0
olhando,0.0
oito,0.0
oitavas,0.0
ofício,0.0
oficialmente,0.0
oficial,0.0
oficiais,0.0
ofereceu,0.0
oferecer,0.0
aaa,0.0
